sample	genotype	productive_igh_clonotypes	productive_igh_reads	top1_frequency_percent	top5_frequency_percent	inverse_berger_parker
A1	EµMyc	4917	11273	2.253171	6.874834	44.381890
A3	EµMyc	4345	13137	9.431377	23.879120	10.602906
A5	EµMyc	3681	21490	53.462075	60.437413	1.870485
A7	EµMyc	3343	9118	2.939241	10.495723	34.022388
A9	EµMyc	3257	15068	19.538094	42.062649	5.118207
A11	EµMyc	6870	13022	4.500077	13.246813	22.221843
C1	EµMyc/Tet2KO	370	13846	76.534739	91.766575	1.306596
C5	EµMyc/Tet2KO	1347	20292	30.406071	69.726986	3.288817
C7	EµMyc/Tet2KO	1017	10647	20.278013	54.250023	4.931450
C9	EµMyc/Tet2KO	2252	15185	66.598617	73.737241	1.501533
C11	EµMyc/Tet2KO	773	16376	50.293112	86.205423	1.988344
