Sample ID	Genotype	Sample class	IGHV mutation load (%)	IGHV germline identity (%)
A1	EµMyc	Premalignant IgM⁺	0.202041	99.797959
A2	EµMyc	Premalignant IgM⁻	0.424934	99.575066
A3	EµMyc	Premalignant IgM⁺	0.238945	99.761055
A4	EµMyc	Premalignant IgM⁻	0.336643	99.663357
A5	EµMyc	Premalignant IgM⁺	0.202398	99.797602
A6	EµMyc	Premalignant IgM⁻	0.428347	99.571653
A7	EµMyc	Premalignant IgM⁺	0.315234	99.684766
A8	EµMyc	Premalignant IgM⁻	0.547979	99.452021
A9	EµMyc	Premalignant IgM⁺	0.406195	99.593805
A10	EµMyc	Premalignant IgM⁻	0.653835	99.346165
A11	EµMyc	Premalignant IgM⁺	0.289739	99.710261
A12	EµMyc	Premalignant IgM⁻	0.484921	99.515079
C1	EµMyc/Tet2KO	Premalignant IgM⁺	0.327929	99.672071
C2	EµMyc/Tet2KO	Premalignant IgM⁻	0.422975	99.577025
C5	EµMyc/Tet2KO	Premalignant IgM⁺	0.285571	99.714429
C6	EµMyc/Tet2KO	Premalignant IgM⁻	0.330941	99.669059
C7	EµMyc/Tet2KO	Premalignant IgM⁺	0.404155	99.595845
C8	EµMyc/Tet2KO	Premalignant IgM⁻	0.378120	99.621880
C9	EµMyc/Tet2KO	Premalignant IgM⁺	0.279237	99.720763
C10	EµMyc/Tet2KO	Premalignant IgM⁻	0.329026	99.670974
C11	EµMyc/Tet2KO	Premalignant IgM⁺	0.295059	99.704941
C12	EµMyc/Tet2KO	Premalignant IgM⁻	0.578479	99.421521
D1	EµMyc	Malignant IgM⁻	0.960000	99.040000
D2	EµMyc	Malignant IgM⁻	1.677898	98.322102
D3	EµMyc	Malignant IgM⁻	1.722673	98.277327
D4	EµMyc	Malignant IgM⁺	0.000000	100.000000
D5	EµMyc	Malignant mixed	2.228101	97.771899
D6	EµMyc	Malignant IgM⁻	2.352011	97.647989
D7	EµMyc	Malignant IgM⁻	2.580087	97.419913
D8	EµMyc	Malignant IgM⁺	2.666031	97.333969
D9	EµMyc	Malignant IgM⁺	1.029069	98.970931
F1	EµMyc/Tet2KO	Malignant IgM⁺	0.665110	99.334890
F2	EµMyc/Tet2KO	Malignant IgM⁻	1.272523	98.727477
F3	EµMyc/Tet2KO	Malignant mixed	0.412592	99.587408
F4	EµMyc/Tet2KO	Malignant IgM⁻	1.296025	98.703975
F5	EµMyc/Tet2KO	Malignant IgM⁻	3.402020	96.597980
F6	EµMyc/Tet2KO	Malignant IgM⁻	3.851852	96.148148
F7	EµMyc/Tet2KO	Malignant IgM⁺	2.239548	97.760452
F8	EµMyc/Tet2KO	Malignant IgM⁺	3.784512	96.215488
F9	EµMyc/Tet2KO	Malignant IgM⁺	0.861803	99.138197
F10	EµMyc/Tet2KO	Malignant mixed	3.047619	96.952381
F11	EµMyc/Tet2KO	Malignant mixed	1.189372	98.810628
