sample	genotype	total_productive_igh_clonotypes	eligible_ighv_clonotypes	eligible_fraction_percent	eligible_productive_igh_reads	median_covered_ighv_bases	clone_weighted_mean_mutation_load_percent	clone_weighted_median_mutation_load_percent	covered_base_pooled_mutation_load_percent	read_weighted_mean_mutation_load_percent	clone_weighted_mean_germline_identity_percent
A1	EµMyc	4917	56	1.138906	1796	210.000000	0.324988	0.000000	0.322175	0.299872	99.675012
A3	EµMyc	4345	56	1.288838	4291	210.000000	0.345805	0.000000	0.327267	0.200161	99.654195
A5	EµMyc	3681	43	1.168161	14092	210.000000	0.622596	0.000000	0.506083	0.031487	99.377404
A7	EµMyc	3343	80	2.393060	2638	285.000000	0.205156	0.000000	0.216419	0.153864	99.794844
A9	EµMyc	3257	70	2.149217	9521	285.000000	0.488037	0.000000	0.488520	0.057947	99.511963
A11	EµMyc	6870	56	0.815138	2916	285.000000	0.313006	0.000000	0.334314	0.173081	99.686994
C1	EµMyc/Tet2KO	370	14	3.783784	13052	285.000000	0.880773	0.000000	0.936968	1.161285	99.119227
C5	EµMyc/Tet2KO	1347	49	3.637713	17633	210.000000	0.242518	0.000000	0.223195	0.012560	99.757482
C7	EµMyc/Tet2KO	1017	48	4.719764	8978	285.000000	0.102861	0.000000	0.098351	0.010577	99.897139
C9	EµMyc/Tet2KO	2252	34	1.509769	11991	285.000000	0.108382	0.000000	0.107078	0.004808	99.891618
C11	EµMyc/Tet2KO	773	36	4.657180	14940	282.000000	0.379745	0.000000	0.356218	0.031455	99.620255
