sample	genotype	total_productive_igh_clonotypes	eligible_ighv_clonotypes	eligible_fraction_percent	eligible_productive_igh_reads	median_covered_ighv_bases	clone_weighted_mean_mutation_load_percent	clone_weighted_median_mutation_load_percent	covered_base_pooled_mutation_load_percent	read_weighted_mean_mutation_load_percent	clone_weighted_mean_germline_identity_percent	sample_class
A1	EµMyc	4917	2005	40.776896	6193	135.000000	0.202041	0.000000	0.222929	0.252224	99.797959	Premalignant IgM⁺
A2	EµMyc	2537	1043	41.111549	2465	135.000000	0.424934	0.000000	0.456251	0.688864	99.575066	Premalignant IgM⁻
A3	EµMyc	4345	1763	40.575374	8307	135.000000	0.238945	0.000000	0.252857	0.237211	99.761055	Premalignant IgM⁺
A4	EµMyc	1854	753	40.614887	1643	135.000000	0.336643	0.000000	0.342873	0.455752	99.663357	Premalignant IgM⁻
A5	EµMyc	3681	1549	42.080956	17680	135.000000	0.202398	0.000000	0.209868	0.076940	99.797602	Premalignant IgM⁺
A6	EµMyc	853	347	40.679953	3491	135.000000	0.428347	0.000000	0.474882	0.161382	99.571653	Premalignant IgM⁻
A7	EµMyc	3343	1608	48.100509	6379	132.000000	0.315234	0.000000	0.328763	0.274112	99.684766	Premalignant IgM⁺
A8	EµMyc	2480	1148	46.290323	3147	132.000000	0.547979	0.000000	0.641932	1.081249	99.452021	Premalignant IgM⁻
A9	EµMyc	3257	1431	43.936138	12355	111.000000	0.406195	0.000000	0.416184	0.142637	99.593805	Premalignant IgM⁺
A10	EµMyc	2579	1311	50.833656	4556	132.000000	0.653835	0.000000	0.774568	1.059942	99.346165	Premalignant IgM⁻
A11	EµMyc	6870	2992	43.551674	7894	111.000000	0.289739	0.000000	0.314828	0.260849	99.710261	Premalignant IgM⁺
A12	EµMyc	2855	1270	44.483363	3429	111.000000	0.484921	0.000000	0.548316	0.577574	99.515079	Premalignant IgM⁻
C1	EµMyc/Tet2KO	370	154	41.621622	13407	135.000000	0.327929	0.000000	0.330555	1.137234	99.672071	Premalignant IgM⁺
C2	EµMyc/Tet2KO	265	132	49.811321	302	135.000000	0.422975	0.000000	0.477759	0.521640	99.577025	Premalignant IgM⁻
C5	EµMyc/Tet2KO	1347	572	42.464736	18920	135.000000	0.285571	0.000000	0.278504	0.036047	99.714429	Premalignant IgM⁺
C6	EµMyc/Tet2KO	1433	540	37.683182	1040	135.000000	0.330941	0.000000	0.336576	0.422950	99.669059	Premalignant IgM⁻
C7	EµMyc/Tet2KO	1017	487	47.885939	9882	132.000000	0.404155	0.000000	0.383324	0.051638	99.595845	Premalignant IgM⁺
C8	EµMyc/Tet2KO	3078	1441	46.816114	6127	116.000000	0.378120	0.000000	0.467350	0.603573	99.621880	Premalignant IgM⁻
C9	EµMyc/Tet2KO	2252	900	39.964476	13411	111.000000	0.279237	0.000000	0.288632	0.034834	99.720763	Premalignant IgM⁺
C10	EµMyc/Tet2KO	2922	1170	40.041068	2519	111.000000	0.329026	0.000000	0.356153	0.477424	99.670974	Premalignant IgM⁻
C11	EµMyc/Tet2KO	773	387	50.064683	15805	132.000000	0.295059	0.000000	0.314926	0.051000	99.704941	Premalignant IgM⁺
C12	EµMyc/Tet2KO	2721	1431	52.590959	12643	135.000000	0.578479	0.000000	0.657501	0.687517	99.421521	Premalignant IgM⁻
D1	EµMyc	61	27	44.262295	61	132.000000	0.960000	0.000000	0.964912	0.713321	99.040000	Malignant IgM⁻
D2	EµMyc	22	8	36.363636	19	135.000000	1.677898	0.820821	1.671309	1.152769	98.322102	Malignant IgM⁻
D3	EµMyc	25	11	44.000000	28	135.000000	1.722673	1.481481	1.677149	1.389620	98.277327	Malignant IgM⁻
D4	EµMyc	5	3	60.000000	5887	135.000000	0.000000	0.000000	0.000000	0.000000	100.000000	Malignant IgM⁺
D5	EµMyc	14	9	64.285714	20	135.000000	2.228101	1.904762	2.271062	2.653439	97.771899	Malignant mixed
D6	EµMyc	14	8	57.142857	11	135.000000	2.352011	1.685824	1.519757	2.323581	97.647989	Malignant IgM⁻
D7	EµMyc	15	7	46.666667	7	75.000000	2.580087	2.666667	2.617801	2.580087	97.419913	Malignant IgM⁻
D8	EµMyc	28	19	67.857143	3245	111.000000	2.666031	0.000000	2.085071	0.023417	97.333969	Malignant IgM⁺
D9	EµMyc	62	28	45.161290	5858	99.000000	1.029069	0.000000	0.750626	0.007195	98.970931	Malignant IgM⁺
F1	EµMyc/Tet2KO	20	9	45.000000	4058	135.000000	0.665110	0.000000	0.500715	0.001840	99.334890	Malignant IgM⁺
F2	EµMyc/Tet2KO	17	6	35.294118	9	135.000000	1.272523	1.435185	1.162791	1.367479	98.727477	Malignant IgM⁻
F3	EµMyc/Tet2KO	39	27	69.230769	5339	186.000000	0.412592	0.000000	0.342190	0.022889	99.587408	Malignant mixed
F4	EµMyc/Tet2KO	82	52	63.414634	216	121.500000	1.296025	0.000000	0.961941	0.724174	98.703975	Malignant IgM⁻
F5	EµMyc/Tet2KO	6	5	83.333333	6	75.000000	3.402020	1.010101	3.073286	3.946128	96.597980	Malignant IgM⁻
F6	EµMyc/Tet2KO	11	9	81.818182	5931	75.000000	3.851852	1.333333	2.355072	0.012364	96.148148	Malignant IgM⁻
F7	EµMyc/Tet2KO	27	16	59.259259	4183	123.000000	2.239548	0.666667	1.288660	0.014209	97.760452	Malignant IgM⁺
F8	EµMyc/Tet2KO	7	6	85.714286	14060	75.000000	3.784512	3.353535	2.631579	0.004175	96.215488	Malignant IgM⁺
F9	EµMyc/Tet2KO	48	28	58.333333	7452	108.000000	0.861803	0.000000	0.556439	0.003914	99.138197	Malignant IgM⁺
F10	EµMyc/Tet2KO	10	7	70.000000	3568	75.000000	3.047619	2.666667	1.469238	0.019058	96.952381	Malignant mixed
F11	EµMyc/Tet2KO	117	65	55.555556	2826	111.000000	1.189372	0.000000	1.139698	0.072717	98.810628	Malignant mixed
