Sample ID	Genotype	Cell fraction / stage	Total IgH reads	Productive IgH clonotypes	Dominant clone frequency (%)	Top 5 clone frequency (%)	Comment
A1	EµMyc	premalignant IgM⁺	11496	4917	2.25	6.87	robust IgH signal
A2	EµMyc	premalignant IgM⁻	4942	2537	0.82	2.61	robust IgH signal
A3	EµMyc	premalignant IgM⁺	13443	4345	9.43	23.88	robust IgH signal
A4	EµMyc	premalignant IgM⁻	3766	1854	1.14	2.67	robust IgH signal
A5	EµMyc	premalignant IgM⁺	21687	3681	53.46	60.44	robust IgH signal
A6	EµMyc	premalignant IgM⁻	4448	853	44.68	63.13	robust IgH signal
A7	EµMyc	premalignant IgM⁺	9280	3343	2.94	10.50	robust IgH signal
A8	EµMyc	premalignant IgM⁻	5063	2480	1.73	5.73	robust IgH signal
A9	EµMyc	premalignant IgM⁺	15276	3257	19.54	42.06	robust IgH signal
A10	EµMyc	premalignant IgM⁻	6590	2579	1.78	5.42	robust IgH signal
A11	EµMyc	premalignant IgM⁺	13331	6870	4.50	13.25	robust IgH signal
A12	EµMyc	premalignant IgM⁻	5694	2855	6.25	13.16	robust IgH signal
C1	EµMyc/Tet2KO	premalignant IgM⁺	13887	370	76.53	91.77	robust IgH signal
C2	EµMyc/Tet2KO	premalignant IgM⁻	522	265	7.03	15.43	low IgH reads (<1000)
C5	EµMyc/Tet2KO	premalignant IgM⁺	20778	1347	30.41	69.73	robust IgH signal
C6	EµMyc/Tet2KO	premalignant IgM⁻	2593	1433	0.67	2.34	robust IgH signal
C7	EµMyc/Tet2KO	premalignant IgM⁺	11230	1017	20.28	54.25	robust IgH signal
C8	EµMyc/Tet2KO	premalignant IgM⁻	8706	3078	9.32	16.27	robust IgH signal
C9	EµMyc/Tet2KO	premalignant IgM⁺	15355	2252	66.60	73.74	robust IgH signal
C10	EµMyc/Tet2KO	premalignant IgM⁻	5072	2922	5.03	11.21	robust IgH signal
C11	EµMyc/Tet2KO	premalignant IgM⁺	16866	773	50.29	86.21	robust IgH signal
C12	EµMyc/Tet2KO	premalignant IgM⁻	14551	2721	10.26	22.59	robust IgH signal
D1	EµMyc	tumor IgM⁻	122	61	5.83	23.33	low IgH reads (<1000)
D2	EµMyc	tumor IgM⁻	45	22	11.11	46.67	low IgH reads (<1000)
D3	EµMyc	tumor IgM⁻	56	25	18.87	41.51	low IgH reads (<1000)
D4	EµMyc	tumor IgM⁺	5898	5	99.86	100.00	robust IgH signal
D5	EµMyc	tumor mixed	35	14	10.00	50.00	low IgH reads (<1000)
D6	EµMyc	tumor IgM⁻	20	14	17.65	47.06	low IgH reads (<1000)
D7	EµMyc	tumor IgM⁻	16	15	12.50	37.50	low IgH reads (<1000)
D8	EµMyc	tumor IgM⁺	3265	28	98.10	99.05	robust IgH signal
D9	EµMyc	tumor IgM⁺	5937	62	90.34	98.69	robust IgH signal
F1	EµMyc/Tet2KO	tumor IgM⁺	4079	20	97.57	99.36	robust IgH signal
F2	EµMyc/Tet2KO	tumor IgM⁻	59	17	16.00	52.00	low IgH reads (<1000)
F3	EµMyc/Tet2KO	tumor mixed	5740	39	91.95	97.37	robust IgH signal
F4	EµMyc/Tet2KO	tumor IgM⁻	266	82	21.15	46.54	low IgH reads (<1000)
F5	EµMyc/Tet2KO	tumor IgM⁻	18	6	28.57	85.71	low IgH reads (<1000)
F6	EµMyc/Tet2KO	tumor IgM⁻	5934	11	99.73	99.88	robust IgH signal
F7	EµMyc/Tet2KO	tumor IgM⁺	4204	27	98.62	99.29	robust IgH signal
F8	EµMyc/Tet2KO	tumor IgM⁺	14067	7	99.92	99.99	robust IgH signal
F9	EµMyc/Tet2KO	tumor IgM⁺	7969	48	98.28	99.18	robust IgH signal
F10	EµMyc/Tet2KO	tumor mixed	3894	10	51.62	99.80	robust IgH signal
F11	EµMyc/Tet2KO	tumor mixed	2955	117	89.57	93.08	robust IgH signal
